{"loss": [1.5637428760528564, 1.1305688619613647, 0.7681536674499512, 0.5085405707359314, 0.3494422435760498, 0.2700311541557312, 0.20977872610092163, 0.179427370429039, 0.13092255592346191, 0.13485106825828552, 0.1167108491063118, 0.08438525348901749, 0.07036665081977844, 0.07389914989471436, 0.066532664000988, 0.05673705041408539, 0.0721406489610672, 0.04468145594000816, 0.040735840797424316, 0.038626063615083694, 0.03626825660467148, 0.038290925323963165, 0.03421185910701752, 0.02530713751912117, 0.023214690387248993], "accuracy": [0.2925347089767456, 0.7230902910232544, 0.8611111044883728, 0.9279513955116272, 0.9331597089767456, 0.9548611044883728, 0.9644097089767456, 0.9661458134651184, 0.9765625, 0.9644097089767456, 0.9730902910232544, 0.9878472089767456, 0.9869791865348816, 0.9817708134651184, 0.9861111044883728, 0.9878472089767456, 0.9809027910232544, 0.9913194179534912, 0.9939236044883728, 0.9913194179534912, 0.9904513955116272, 0.9939236044883728, 0.9930555820465088, 0.9956597089767456, 0.9965277910232544], "val_loss": [1.5609838962554932, 0.9374099373817444, 0.5719234943389893, 0.3961949646472931, 0.2963239848613739, 0.23778285086154938, 0.21033798158168793, 0.18928290903568268, 0.1668870747089386, 0.15067201852798462, 0.13922227919101715, 0.12736111879348755, 0.12157413363456726, 0.1179400160908699, 0.10807135701179504, 0.09953825175762177, 0.10162980854511261, 0.09649935364723206, 0.08582469075918198, 0.07844218611717224, 0.07767216116189957, 0.08717817068099976, 0.09670784324407578, 0.10117755830287933, 0.07918903231620789], "val_accuracy": [0.3263888955116272, 0.7638888955116272, 0.9097222089767456, 0.9513888955116272, 0.9652777910232544, 0.9791666865348816, 0.9791666865348816, 0.9791666865348816, 0.9791666865348816, 0.9861111044883728, 0.9861111044883728, 0.9861111044883728, 0.9861111044883728, 0.9861111044883728, 0.9861111044883728, 0.9861111044883728, 0.9861111044883728, 0.9861111044883728, 0.9861111044883728, 0.9861111044883728, 0.9861111044883728, 0.9861111044883728, 0.9861111044883728, 0.9861111044883728, 0.9861111044883728]}