{"loss": [191.6506805419922, 1.6109980344772339, 1.611298680305481, 1.6096305847167969, 1.609471082687378, 1.609537124633789], "accuracy": [0.2092013955116272, 0.1935763955116272, 0.1796875, 0.203125, 0.203125, 0.203125], "val_loss": [1.6098413467407227, 1.6092314720153809, 1.6094214916229248, 1.6093614101409912, 1.609302282333374, 1.609266996383667], "val_accuracy": [0.2013888955116272, 0.2013888955116272, 0.2013888955116272, 0.2013888955116272, 0.2013888955116272, 0.2013888955116272], "lr": [0.009999999776482582, 0.009999999776482582, 0.009999999776482582, 0.0010000000474974513, 0.0010000000474974513, 0.0010000000474974513]}